Codigo,Município,Ano,Negativo,Positivo,Femenino,Masculino,20 - 39 anos,40 - 59 anos
350010,ADAMANTINA,2023,7,1,1,7,1,3
350020,ADOLFO,2023,,3,,,5,
350030,AGUAI,2023,11,1,3,11,1,5
350040,AGUAS DA PRATA,2023,1,1,1,,11,
350055,AGUAS DE SANTA BARBARA,2023,,1,4,1,1,
350060,AGUAS DE SAO PEDRO,2023,,1,,,1,
350070,AGUDOS,2023,14,,1,,2,2
350075,ALAMBARI,2023,1,1,2,11,3,
350080,ALFREDO MARCONDES,2023,,3,4,1,15,
350090,ALTAIR,2023,1,1,3,,1,
350100,ALTINOPOLIS,2023,3,1,4,3,24,3
350110,ALTO ALEGRE,2023,14,4,,10,2,7
350115,ALUMINIO,2023,4,4,4,3,1,2
350130,ALVARES MACHADO,2023,9,,2,5,4,4
350140,ALVARO DE CARVALHO,2023,21,,4,22,1,7
350150,ALVINLANDIA,2023,1,12,1,1,19,14
350160,AMERICANA,2023,40,,3,42,2,3
350170,AMERICO BRASILIENSE,2023,6,,1,6,,10
350180,AMERICO DE CAMPOS,2023,,1,,1,1,
350190,AMPARO,2023,12,6,5,14,11,9
350200,ANALANDIA,2023,1,3,1,,3,3
350210,ANDRADINA,2023,25,1,2,26,3,
350220,ANGATUBA,2023,6,2,4,5,28,5
350230,ANHEMBI,2023,1,2,13,1,,1
350240,ANHUMAS,2023,1,,3,1,1,2
350250,APARECIDA,2023,15,1,1,17,1,6
350260,APARECIDA D'OESTE,2023,1,1,6,3,25,28
350270,APIAI,2023,5,2,15,7,23,6
350275,ARACARIGUAMA,2023,9,1,3,56,,1
350280,ARACATUBA,2023,56,1,4,7,1,21
350290,ARACOIABA DA SERRA,2023,7,9,14,1,3,23
350310,ARANDU,2023,1,,7,1,4,1
350315,ARAPEI,2023,1,12,10,1,14,7
350320,ARARAQUARA,2023,49,24,,44,25,16
350330,ARARAS,2023,45,2,1,36,26,10
350340,AREALVA,2023,1,4,6,1,10,18
350350,AREIAS,2023,1,5,3,1,23,
350360,AREIOPOLIS,2023,5,1,1,2,6,11
350380,ARTUR NOGUEIRA,2023,8,1,2,11,31,1
350390,ARUJA,2023,27,1,2,23,,7
350395,ASPASIA,2023,,1,1,,4,2
350400,ASSIS,2023,37,3,5,37,2,1
350410,ATIBAIA,2023,50,2,2,43,,
350420,AURIFLAMA,2023,1,,14,1,6,1
350440,AVANHANDAVA,2023,10,1,1,10,6,26
350450,AVARE,2023,39,1,47,35,1,
350460,BADY BASSITT,2023,9,1,1,6,1,36
350470,BALBINOS,2023,32,1,3,39,15,3
350480,BALSAMO,2023,2,4,50,1,5,2
350490,BANANAL,2023,9,2,7,7,64,63
350500,BARAO DE ANTONINA,2023,1,1,1,1,1,7
350510,BARBOSA,2023,,1,,,3,
350520,BARIRI,2023,3,,33,6,139,3
350530,BARRA BONITA,2023,12,42,5,8,7,36
350535,BARRA DO CHAPEU,2023,2,2,1,3,1,10
350540,BARRA DO TURVO,2023,1,1,1,31,9,3
350550,BARRETOS,2023,35,3,,8,38,1
350560,BARRINHA,2023,8,2,,81,16,
350570,BARUERI,2023,111,2,2,5,4,2
350580,BASTOS,2023,5,4,3,4,2,6
350590,BATATAIS,2023,7,2,,194,2,2
350600,BAURU,2023,213,31,,17,,10
350610,BEBEDOURO,2023,21,,9,1,1,14
350620,BENTO DE ABREU,2023,2,2,9,14,4,1
350630,BERNARDINO DE CAMPOS,2023,13,,2,59,1,2
350635,BERTIOGA,2023,72,2,2,23,3,1
350650,BIRIGUI,2023,22,,2,7,22,2
350660,BIRITIBA-MIRIM,2023,4,1,2,2,17,1
350670,BOA ESPERANCA DO SUL,2023,3,2,1,2,2,
350680,BOCAINA,2023,1,1,3,3,1,
350690,BOFETE,2023,1,1,4,7,1,7
350700,BOITUVA,2023,7,2,2,4,3,9
350710,BOM JESUS DOS PERDOES,2023,3,1,1,1,4,3
350715,BOM SUCESSO DE ITARARE,2023,1,15,9,1,,1
350730,BORACEIA,2023,1,1,6,3,,1
350740,BORBOREMA,2023,3,5,5,35,,13
350750,BOTUCATU,2023,43,12,1,29,8,5
350760,BRAGANCA PAULISTA,2023,31,11,3,3,6,4
350770,BRAUNA,2023,1,,101,5,6,7
350775,BREJO ALEGRE,2023,2,1,6,2,,2
350780,BRODOWSKI,2023,7,10,4,6,,2
350790,BROTAS,2023,3,3,2,1,22,1
350800,BURI,2023,8,,2,,15,148
350810,BURITAMA,2023,2,2,,,12,8
350820,BURITIZAL,2023,,11,10,13,4,2
350830,CABRALIA PAULISTA,2023,,1,35,15,2,1
350840,CABREUVA,2023,15,2,91,10,2,5
350850,CACAPAVA,2023,16,10,1,1,187,3
350860,CACHOEIRA PAULISTA,2023,10,11,4,,12,3
350870,CACONDE,2023,1,11,3,33,6,5
350880,CAFELANDIA,2023,,2,7,23,,7
350900,CAIEIRAS,2023,37,2,,16,5,45
350910,CAIUA,2023,21,,,10,2,88
350920,CAJAMAR,2023,21,3,1,2,,2
350925,CAJATI,2023,12,,2,4,5,6
350930,CAJOBI,2023,2,,1,2,16,2
350940,CAJURU,2023,1,1,1,314,14,10
350945,CAMPINA DO MONTE ALEGRE,2023,4,,1,14,57,2
350950,CAMPINAS,2023,356,3,5,9,139,6
350960,CAMPO LIMPO PAULISTA,2023,17,,3,1,9,3
350970,CAMPOS DO JORDAO,2023,8,28,3,12,,2
350980,CAMPOS NOVOS PAULISTA,2023,1,46,2,3,4,2
350990,CANANEIA,2023,8,3,,,9,5
351000,CANDIDO MOTA,2023,3,2,7,8,,2
351015,CANITAR,2023,,,43,22,,4
351020,CAPAO BONITO,2023,10,1,2,16,19,3
351030,CAPELA DO ALTO,2023,20,2,10,91,1,
351040,CAPIVARI,2023,21,1,42,194,,9
351050,CARAGUATATUBA,2023,108,,,3,1,42
351060,CARAPICUIBA,2023,231,6,3,14,1,2
351070,CARDOSO,2023,4,1,84,1,,1
351080,CASA BRANCA,2023,8,1,1,4,1,17
351090,CASSIA DOS COQUEIROS,2023,1,5,1,20,2,40
351100,CASTILHO,2023,7,,4,2,3,2
351110,CATANDUVA,2023,25,4,,28,10,1
351120,CATIGUA,2023,,2,1,4,1,86
351130,CEDRAL,2023,2,,45,2,50,
351140,CERQUEIRA CESAR,2023,26,,9,1,3,
351150,CERQUILHO,2023,6,2,4,2,12,
351160,CESARIO LANGE,2023,2,9,5,1,66,12
351170,CHARQUEADA,2023,2,,,4,,2
351200,COLINA,2023,1,10,3,4,4,1
351210,COLOMBIA,2023,5,4,7,7,126,1
351220,CONCHAL,2023,4,2,34,,15,3
351230,CONCHAS,2023,5,18,2,1,,1
351240,CORDEIROPOLIS,2023,8,2,1,14,5,1
351250,COROADOS,2023,,1,19,1,,44
351260,CORONEL MACEDO,2023,1,2,36,83,67,15
351280,COSMOPOLIS,2023,18,,26,5,10,1
351290,COSMORAMA,2023,1,14,,1,3,1
351300,COTIA,2023,93,,3,30,9,9
351310,CRAVINHOS,2023,6,1,4,98,1,1
351330,CRUZALIA,2023,1,3,1,2,4,1
351340,CRUZEIRO,2023,35,2,1,6,9,
351350,CUBATAO,2023,111,2,,184,51,7
351360,CUNHA,2023,2,2,1,,18,27
351370,DESCALVADO,2023,9,,3,1,17,3
351380,DIADEMA,2023,176,1,2,1,50,9
351390,DIVINOLANDIA,2023,1,3,,1,51,32
351400,DOBRADA,2023,1,7,3,27,112,32
351430,DOURADO,2023,1,,,2,15,46
351440,DRACENA,2023,28,4,,1,4,
351450,DUARTINA,2023,2,1,2,2,3,4
351460,DUMONT,2023,1,1,1,5,2,7
351470,ECHAPORA,2023,2,,5,7,6,1
351480,ELDORADO,2023,5,5,1,98,,4
351490,ELIAS FAUSTO,2023,6,4,161,20,,
351492,ELISIARIO,2023,1,1,190,1,,1
351500,EMBU DAS ARTES,2023,133,3,,3,5,3
351510,EMBU-GUACU,2023,26,1,1,17,3,8
351512,EMILIANOPOLIS,2023,1,11,19,3,1,
351515,ENGENHEIRO COELHO,2023,7,4,,,3,5
351518,ESPIRITO SANTO DO PINHAL,2023,22,1,2,1,2,
351519,ESPIRITO SANTO DO TURVO,2023,2,1,2,3,5,1
351520,ESTRELA D'OESTE,2023,,,1,16,3,2
351530,ESTRELA DO NORTE,2023,1,,9,,9,2
351540,FARTURA,2023,6,6,6,65,14,
351550,FERNANDOPOLIS,2023,21,2,2,19,5,10
351560,FERNANDO PRESTES,2023,,7,3,26,208,4
351570,FERRAZ DE VASCONCELOS,2023,84,,,73,297,
351600,FLORIDA PAULISTA,2023,20,3,,66,,133
351610,FLORINIA,2023,25,,11,145,,206
351620,FRANCA,2023,75,,9,,60,1
351630,FRANCISCO MORATO,2023,88,1,2,21,4,
351640,FRANCO DA ROCHA,2023,147,4,1,11,1,22
351650,GABRIEL MONTEIRO,2023,,1,24,2,2,1
351660,GALIA,2023,18,1,1,2,,1
351670,GARCA,2023,12,14,6,9,9,2
351685,GAVIAO PEIXOTO,2023,4,1,3,,9,
351690,GENERAL SALGADO,2023,3,2,2,,4,6
351700,GETULINA,2023,10,2,2,,5,6
351710,GLICERIO,2023,,1,1,6,1,1
351720,GUAICARA,2023,,1,,11,3,7
351730,GUAIMBE,2023,1,1,1,1,14,4
351740,GUAIRA,2023,8,9,8,7,9,2
351750,GUAPIACU,2023,10,7,1,,7,16
351760,GUAPIARA,2023,1,1,25,4,3,5
351770,GUARA,2023,4,1,25,2,31,2
351780,GUARACAI,2023,,6,20,6,1,3
351790,GUARACI,2023,4,1,9,4,30,25
351810,GUARANTA,2023,1,1,52,22,2,1
351820,GUARARAPES,2023,8,,8,19,2,2
351830,GUARAREMA,2023,3,,2,7,2,
351840,GUARATINGUETA,2023,22,,1,302,3,15
351850,GUAREI,2023,13,,3,467,2,2
351860,GUARIBA,2023,6,,47,1,1,1
351870,GUARUJA,2023,419,,3,,9,4
351880,GUARULHOS,2023,517,,,,1,3
351885,GUATAPARA,2023,1,28,5,78,11,
351890,GUZOLANDIA,2023,,2,1,1,1,2
351900,HERCULANDIA,2023,,1,2,5,53,
351905,HOLAMBRA,2023,1,2,,3,40,12
351907,HORTOLANDIA,2023,91,1,16,1,43,49
351910,IACANGA,2023,1,,3,1,7,
351925,IARAS,2023,5,,3,11,68,34
351930,IBATE,2023,1,1,5,12,7,28
351940,IBIRA,2023,3,1,18,5,5,8
351950,IBIRAREMA,2023,2,1,4,6,3,50
351960,IBITINGA,2023,18,,3,9,3,9
351970,IBIUNA,2023,11,1,,5,58,10
351980,ICEM,2023,4,5,12,4,2,2
351990,IEPE,2023,8,,6,24,2,2
352000,IGARACU DO TIETE,2023,11,10,2,12,7,1
352010,IGARAPAVA,2023,5,,7,8,10,55
352020,IGARATA,2023,4,1,3,6,26,5
352030,IGUAPE,2023,27,1,,53,1,1
352040,ILHABELA,2023,19,3,38,1,,7
352042,ILHA COMPRIDA,2023,8,,2,2,25,5
352044,ILHA SOLTEIRA,2023,7,1,1,2,5,7
352050,INDAIATUBA,2023,72,13,2,41,7,2
352060,INDIANA,2023,1,,,4,11,32
352070,INDIAPORA,2023,2,1,1,3,29,3
352090,IPAUSSU,2023,3,,8,2,1,1
352100,IPERO,2023,40,,9,5,2,1
352110,IPEUNA,2023,6,2,46,4,10,11
352115,IPIGUA,2023,3,4,1,2,3,29
352120,IPORANGA,2023,3,1,9,13,24,
352130,IPUA,2023,4,2,9,2,23,3
352140,IRACEMAPOLIS,2023,3,2,2,20,2,3
352150,IRAPUA,2023,2,,,1,16,1
352160,IRAPURU,2023,13,3,,97,3,
352170,ITABERA,2023,3,,,,,14
352180,ITAI,2023,26,1,,62,74,10
352190,ITAJOBI,2023,2,37,7,60,28,4
352210,ITANHAEM,2023,109,1,6,12,4,13
352220,ITAPECERICA DA SERRA,2023,72,,1,106,5,
352230,ITAPETININGA,2023,61,4,,14,4,5
352240,ITAPEVA,2023,19,8,20,15,43,67
352250,ITAPEVI,2023,130,2,2,5,9,6
352260,ITAPIRA,2023,19,1,2,4,7,3
352270,ITAPOLIS,2023,14,1,77,1,46,6
352280,ITAPORANGA,2023,4,1,1,95,,4
352290,ITAPUI,2023,5,7,3,6,10,11
352300,ITAPURA,2023,1,,1,6,17,15
352310,ITAQUAQUECETUBA,2023,115,,4,15,4,9
352320,ITARARE,2023,9,4,1,18,5,37
352330,ITARIRI,2023,5,33,1,34,1,1
352340,ITATIBA,2023,18,1,7,3,,10
352350,ITATINGA,2023,15,1,5,,,8
352360,ITIRAPINA,2023,30,1,72,54,,4
352380,ITOBI,2023,,,13,9,11,4
352390,ITU,2023,68,1,5,6,10,
352400,ITUPEVA,2023,8,,2,1,2,
352410,ITUVERAVA,2023,9,,1,25,7,
352420,JABORANDI,2023,,1,17,48,29,1
352430,JABOTICABAL,2023,26,1,1,1,7,
352440,JACAREI,2023,58,3,1,7,2,7
352450,JACI,2023,1,1,,11,108,9
352460,JACUPIRANGA,2023,2,1,2,2,1,
352470,JAGUARIUNA,2023,12,3,1,,1,1
352480,JALES,2023,4,1,2,33,2,1
352500,JANDIRA,2023,31,1,7,35,3,27
352510,JARDINOPOLIS,2023,37,,1,7,51,1
352520,JARINU,2023,6,,1,24,5,4
352530,JAU,2023,19,,4,,1,67
352540,JERIQUARA,2023,,1,1,6,6,2
352570,JOSE BONIFACIO,2023,8,1,2,,95,1
352580,JULIO MESQUITA,2023,,1,1,134,24,4
352590,JUNDIAI,2023,154,18,,35,2,13
352600,JUNQUEIROPOLIS,2023,37,,1,9,2,2
352610,JUQUIA,2023,10,1,3,12,2,8
352620,JUQUITIBA,2023,9,48,2,,85,1
352630,LAGOINHA,2023,,32,1,11,1,6
352640,LARANJAL PAULISTA,2023,10,2,,56,1,69
352650,LAVINIA,2023,54,10,,24,,16
352670,LEME,2023,32,9,3,9,1,9
352680,LENCOIS PAULISTA,2023,18,2,122,67,7,1
352690,LIMEIRA,2023,96,,2,,6,31
352700,LINDOIA,2023,1,29,6,26,,6
352710,LINS,2023,26,26,1,24,1,1
352720,LORENA,2023,25,,1,10,4,4
352730,LOUVEIRA,2023,11,1,1,12,,1
352740,LUCELIA,2023,10,,1,1,1,
352780,LUPERCIO,2023,1,974,3,1,,1
352790,LUTECIA,2023,,1,1,,1,4
352800,MACATUBA,2023,,5,3,,1,2
352810,MACAUBAL,2023,,28,1,1,,1
352820,MACEDONIA,2023,1,,4,,8,
352830,MAGDA,2023,,2,1,14,1,
352840,MAIRINQUE,2023,17,2,13,18,4,1
352850,MAIRIPORA,2023,23,1,1,1,4,1
352860,MANDURI,2023,1,1,2,8,,1
352870,MARABA PAULISTA,2023,7,1,8,1,2,2
352880,MARACAI,2023,1,1,6,54,,
352900,MARILIA,2023,70,1,1,7,,3
352920,MARTINOPOLIS,2023,8,58,2,7,4,
352930,MATAO,2023,7,8,,138,153,1
352940,MAUA,2023,196,2,31,1,5,7
352950,MENDONCA,2023,2,1,2,3,15,3
352970,MIGUELOPOLIS,2023,6,1,4,2,38,
352980,MINEIROS DO TIETE,2023,2,16,18,9,1,5
352990,MIRACATU,2023,7,,,65,3,1
353010,MIRANDOPOLIS,2023,60,1,1,1,,3
353020,MIRANTE DO PARANAPANEMA,2023,2,1,,7,4,
353030,MIRASSOL,2023,13,9,1,3,3,3
353040,MIRASSOLANDIA,2023,2,1,41,13,1,103
353050,MOCOCA,2023,16,3,3,134,3,2
353060,MOGI DAS CRUZES,2023,144,10,1,31,8,3
353070,MOGI GUACU,2023,31,1,6,14,,2
353080,MOGI MIRIM,2023,15,2,2,1,17,1
353090,MOMBUCA,2023,2,1,6,2,2,8
353100,MONCOES,2023,3,9,,112,3,
353110,MONGAGUA,2023,94,,2,1,,2
353130,MONTE ALTO,2023,8,1,14,8,1,5
353140,MONTE APRAZIVEL,2023,3,3,1,3,2,3
353150,MONTE AZUL PAULISTA,2023,5,1,5,4,3,2
353160,MONTE CASTELO,2023,2,,1,1,4,1
353180,MONTE MOR,2023,10,2,3,,3,2
353190,MORRO AGUDO,2023,10,3,2,8,,
353200,MORUNGABA,2023,3,1,2,7,47,
353205,MOTUCA,2023,1,,1,2,,4
353215,NANTES,2023,,4,,,4,1
353220,NARANDIBA,2023,,4,,,8,1
353230,NATIVIDADE DA SERRA,2023,2,,115,2,24,15
353240,NAZARE PAULISTA,2023,3,,1,1,2,
353250,NEVES PAULISTA,2023,2,,4,1,1,4
353260,NHANDEARA,2023,3,,14,1,3,2
353280,NOVA ALIANCA,2023,2,,2,2,88,5
353282,NOVA CAMPINA,2023,1,,,1,1,4
353300,NOVA GRANADA,2023,2,,2,,26,3
353320,NOVA INDEPENDENCIA,2023,12,,1,2,1,4
353325,NOVAIS,2023,1,,,11,6,
353330,NOVA LUZITANIA,2023,1,,,1,2,32
353340,NOVA ODESSA,2023,8,,1,1,6,1
353350,NOVO HORIZONTE,2023,9,,14,9,1,4
353370,OCAUCU,2023,,,,7,8,18
353390,OLIMPIA,2023,9,,2,,,1
353400,ONDA VERDE,2023,1,,11,8,26,
353410,ORIENTE,2023,3,,64,1,1,
353420,ORINDIUVA,2023,,,1,3,2,1
353430,ORLANDIA,2023,4,,,,12,1
353440,OSASCO,2023,242,,18,4,1,47
353460,OSVALDO CRUZ,2023,7,,3,218,1,2
353470,OURINHOS,2023,19,,2,7,18,8
353475,OUROESTE,2023,3,,1,15,5,1
353480,OURO VERDE,2023,1,,4,2,33,5
353490,PACAEMBU,2023,42,,1,47,7,3
353500,PALESTINA,2023,2,,1,2,,2
353510,PALMARES PAULISTA,2023,1,,1,2,200,1
353520,PALMEIRA D'OESTE,2023,1,,,,,
353530,PALMITAL,2023,5,,,4,1,
353540,PANORAMA,2023,5,,1,2,21,1
353550,PARAGUACU PAULISTA,2023,7,,13,6,8,21
353560,PARAIBUNA,2023,3,,6,5,47,1
353580,PARANAPANEMA,2023,3,,2,2,6,11
353590,PARANAPUA,2023,2,,1,2,2,1
353600,PARAPUA,2023,3,,14,4,1,1
353610,PARDINHO,2023,1,,3,1,1,6
353620,PARIQUERA-ACU,2023,12,,3,10,4,4
353625,PARISI,2023,1,,7,1,2,8
353640,PAULICEIA,2023,3,,,2,1,
353650,PAULINIA,2023,43,,,31,3,
353660,PAULO DE FARIA,2023,1,,2,2,1,2
353670,PEDERNEIRAS,2023,5,,10,8,24,144
353680,PEDRA BELA,2023,1,,13,1,44,
353690,PEDRANOPOLIS,2023,1,,2,1,1,3
353700,PEDREGULHO,2023,1,,3,5,4,7
353710,PEDREIRA,2023,13,,1,3,1,32
353720,PEDRO DE TOLEDO,2023,4,,3,7,,5
353730,PENAPOLIS,2023,7,,69,3,11,4
353740,PEREIRA BARRETO,2023,5,,,1,133,
353750,PEREIRAS,2023,1,,1,80,3,2
353760,PERUIBE,2023,100,,151,,1,2
353780,PIEDADE,2023,7,,3,6,28,8
353790,PILAR DO SUL,2023,9,,101,10,5,3
353800,PINDAMONHANGABA,2023,51,,17,37,6,
353810,PINDORAMA,2023,1,,18,2,14,18
353820,PINHALZINHO,2023,2,,4,1,2,
353830,PIQUEROBI,2023,,,1,,,1
353860,PIRACAIA,2023,4,,3,5,1,1
353870,PIRACICABA,2023,156,,,5,,1
353880,PIRAJU,2023,4,,2,129,2,14
353890,PIRAJUI,2023,33,,42,1,1,99
353900,PIRANGI,2023,2,,57,34,19,
353910,PIRAPORA DO BOM JESUS,2023,11,,1,2,3,1
353920,PIRAPOZINHO,2023,6,,,6,1,2
353930,PIRASSUNUNGA,2023,16,,6,4,19,20
353940,PIRATININGA,2023,2,,5,10,1,3
353950,PITANGUEIRAS,2023,7,,2713,2,1,4
353960,PLANALTO,2023,,,4,7,2,1
353970,PLATINA,2023,3,,,,8,3
353980,POA,2023,49,,7,3,1,1
354000,POMPEIA,2023,2,,17,43,2,2
354010,PONGAI,2023,3,,,2,11,2
354020,PONTAL,2023,22,,143,3,17,1
354025,PONTALINDA,2023,2,,,21,,
354030,PONTES GESTAL,2023,1,,1,2,3,1
354050,PORANGABA,2023,2,,2,1,,17
354060,PORTO FELIZ,2023,26,,,1,117,7
354070,PORTO FERREIRA,2023,9,,5,25,,3
354075,POTIM,2023,33,,1,7,3,2
354080,POTIRENDABA,2023,1,,2,39,,1
354085,PRACINHA,2023,7,,2,8,1,19
354090,PRADOPOLIS,2023,1,,98,2,1,
354100,PRAIA GRANDE,2023,337,,28,298,226,
354105,PRATANIA,2023,,,42,,2,2
354110,PRESIDENTE ALVES,2023,,,1,1,124,6
354120,PRESIDENTE BERNARDES,2023,26,,39,26,17,1
354130,PRESIDENTE EPITACIO,2023,16,,,16,30,3
354140,PRESIDENTE PRUDENTE,2023,84,,1,81,12,1
354150,PRESIDENTE VENCESLAU,2023,8,,1,10,4,8
354160,PROMISSAO,2023,2,,1,6,,1
354165,QUADRA,2023,1,,1,2,2,1
354170,QUATA,2023,1,,,1,92,12
354190,QUELUZ,2023,,,7,2,106,1
354200,QUINTANA,2023,4,,2,4,3,2
354210,RAFARD,2023,3,,1,4,,3
354220,RANCHARIA,2023,12,,,13,4,
354230,REDENCAO DA SERRA,2023,,,11,,4,2
354240,REGENTE FEIJO,2023,4,,30,3,4062,94
354250,REGINOPOLIS,2023,23,,1,25,,
354260,REGISTRO,2023,64,,1,61,1,3
354280,RIBEIRA,2023,,,3,,12,
354290,RIBEIRAO BONITO,2023,2,,,2,25,2
354300,RIBEIRAO BRANCO,2023,5,,1,3,,1
354320,RIBEIRAO DO SUL,2023,1,,11,1,,138
354323,RIBEIRAO DOS INDIOS,2023,1,,1,1,287,2
354330,RIBEIRAO PIRES,2023,22,,1,,,89
354340,RIBEIRAO PRETO,2023,241,,2,15,1,9
354350,RIVERSUL,2023,2,,2,224,27,17
354370,RINCAO,2023,3,,26,2,7,10
354380,RINOPOLIS,2023,4,,,3,1,1
354390,RIO CLARO,2023,57,,1,4,10,4
354400,RIO DAS PEDRAS,2023,7,,3,40,2,70
354410,RIO GRANDE DA SERRA,2023,1,,2,8,1,62
354420,RIOLANDIA,2023,12,,2,10,1,2
354425,ROSANA,2023,6,,,15,3,1
354430,ROSEIRA,2023,1,,7,3,144,4
354450,RUBINEIA,2023,2,,13,1,31,5
354470,SAGRES,2023,2,,,1,68,2935
354490,SALES OLIVEIRA,2023,2,,4,,,7
354500,SALESOPOLIS,2023,3,,2,2,1,1
354510,SALMOURAO,2023,,,19,1,56,4
354515,SALTINHO,2023,1,,6,4,1,19
354520,SALTO,2023,35,,,1,1,
354530,SALTO DE PIRAPORA,2023,18,,,1,,1
354540,SALTO GRANDE,2023,7,,,31,7,171
354550,SANDOVALINA,2023,,,,13,,1
354560,SANTA ADELIA,2023,1,,,5,2,1
354570,SANTA ALBERTINA,2023,2,,,,1,9
354580,SANTA BARBARA D'OESTE,2023,40,,,2,,5
354600,SANTA BRANCA,2023,2,,,1,10,
354610,SANTA CLARA D'OESTE,2023,,,,31,15,11
354620,SANTA CRUZ DA CONCEICAO,2023,1,,,,1,
354630,SANTA CRUZ DAS PALMEIRAS,2023,1,,,1,,1
354640,SANTA CRUZ DO RIO PARDO,2023,17,,,1,,1
354650,SANTA ERNESTINA,2023,1,,,2,13,7
354660,SANTA FE DO SUL,2023,6,,,10,48,116
354670,SANTA GERTRUDES,2023,4,,,1,1,1
354680,SANTA ISABEL,2023,24,,,6,6,25
354690,SANTA LUCIA,2023,2,,,2,1,40
354700,SANTA MARIA DA SERRA,2023,1,,,16,67,
354710,SANTA MERCEDES,2023,,,,2,2,
354730,SANTANA DE PARNAIBA,2023,33,,,1,1,
354740,SANTA RITA D'OESTE,2023,2,,,,6,46
354750,SANTA RITA DO PASSA QUATRO,2023,2,,,22,18,1
354760,SANTA ROSA DE VITERBO,2023,4,,,,39,2
354765,SANTA SALETE,2023,,,,3,,2
354770,SANTO ANASTACIO,2023,4,,,4,2,4
354780,SANTO ANDRE,2023,233,,,,,
354790,SANTO ANTONIO DA ALEGRIA,2023,,,,2,1,1
354800,SANTO ANTONIO DE POSSE,2023,5,,,193,9,11
354805,SANTO ANTONIO DO ARACANGUA,2023,,,,,27,4
354810,SANTO ANTONIO DO JARDIM,2023,2,,,6,1,2
354830,SANTO EXPEDITO,2023,2,,,,2,1
354840,SANTOPOLIS DO AGUAPEI,2023,1,,,3,10,12
354850,SANTOS,2023,378,,,2,24,44
354860,SAO BENTO DO SAPUCAI,2023,4,,,1,,1
354870,SAO BERNARDO DO CAMPO,2023,251,,,307,5,3
354880,SAO CAETANO DO SUL,2023,35,,,3,2,3
354890,SAO CARLOS,2023,49,,,206,27,
354900,SAO FRANCISCO,2023,,,,20,5,
354910,SAO JOAO DA BOA VISTA,2023,18,,,46,1,28
354925,SAO JOAO DE IRACEMA,2023,1,,,,,4
354940,SAO JOAQUIM DA BARRA,2023,1,,,26,,15
354960,SAO JOSE DO BARREIRO,2023,,,,3,,34
354970,SAO JOSE DO RIO PARDO,2023,7,,,5,,1
354980,SAO JOSE DO RIO PRETO,2023,174,,,163,,2
354990,SAO JOSE DOS CAMPOS,2023,177,,,153,,1
354995,SAO LOURENCO DA SERRA,2023,5,,,4,,1
355000,SAO LUIS DO PARAITINGA,2023,,,,1,,6
355010,SAO MANUEL,2023,10,,,4,,9
355020,SAO MIGUEL ARCANJO,2023,8,,,4,,1
355030,SAO PAULO,2023,7215,,,6124,,2
355040,SAO PEDRO,2023,7,,,5,,6
355050,SAO PEDRO DO TURVO,2023,2,,,2,,13
355060,SAO ROQUE,2023,20,,,14,,
355070,SAO SEBASTIAO,2023,48,,,39,,8
355080,SAO SEBASTIAO DA GRAMA,2023,1,,,1,,2
355090,SAO SIMAO,2023,1,,,1,,1
355100,SAO VICENTE,2023,467,,,411,,22
355110,SARAPUI,2023,,,,1,,8
355120,SARUTAIA,2023,2,,,2,,
355140,SERRA AZUL,2023,26,,,36,,1
355150,SERRANA,2023,16,,,16,,
355160,SERRA NEGRA,2023,1,,,1,,
355170,SERTAOZINHO,2023,32,,,28,,
355180,SETE BARRAS,2023,,,,2,,
355190,SEVERINIA,2023,1,,,2,,
355200,SILVEIRAS,2023,1,,,1,,
355210,SOCORRO,2023,13,,,12,,
355220,SOROCABA,2023,254,,,240,,
355230,SUD MENNUCCI,2023,1,,,1,,
355240,SUMARE,2023,60,,,43,,
355250,SUZANO,2023,131,,,95,,
355255,SUZANAPOLIS,2023,,,,,,
355260,TABAPUA,2023,1,,,3,,
355270,TABATINGA,2023,,,,2,,
355280,TABOAO DA SERRA,2023,117,,,96,,
355290,TACIBA,2023,2,,,2,,
355300,TAGUAI,2023,1,,,1,,
355310,TAIACU,2023,,,,9,,
355320,TAIUVA,2023,9,,,1,,
355330,TAMBAU,2023,2,,,7,,
355340,TANABI,2023,7,,,,,
355350,TAPIRAI,2023,1,,,1,,
355360,TAPIRATIBA,2023,1,,,1,,
355365,TAQUARAL,2023,1,,,17,,
355370,TAQUARITINGA,2023,15,,,17,,
355380,TAQUARITUBA,2023,19,,,1,,
355385,TAQUARIVAI,2023,1,,,3,,
355390,TARABAI,2023,3,,,2,,
355395,TARUMA,2023,1,,,21,,
355400,TATUI,2023,23,,,89,,
355410,TAUBATE,2023,107,,,1,,
355420,TEJUPA,2023,2,,,4,,
355430,TEODORO SAMPAIO,2023,5,,,1,,
355440,TERRA ROXA,2023,1,,,13,,
355450,TIETE,2023,11,,,,,
355460,TIMBURI,2023,,,,1,,
355470,TORRINHA,2023,2,,,1,,
355480,TREMEMBE,2023,96,,,88,,
355490,TRES FRONTEIRAS,2023,2,,,1,,
355495,TUIUTI,2023,2,,,1,,
355500,TUPA,2023,11,,,11,,
355510,TUPI PAULISTA,2023,34,,,33,,
355530,TURMALINA,2023,1,,,1,,
355540,UBATUBA,2023,72,,,57,,
355550,UBIRAJARA,2023,1,,,1,,
355560,UCHOA,2023,2,,,2,,
355580,URANIA,2023,4,,,4,,
355600,URUPES,2023,,,,1,,
355610,VALENTIM GENTIL,2023,1,,,,,
355620,VALINHOS,2023,14,,,1,,
355630,VALPARAISO,2023,36,,,18,,
355635,VARGEM,2023,2,,,36,,
355640,VARGEM GRANDE DO SUL,2023,4,,,4,,
355645,VARGEM GRANDE PAULISTA,2023,18,,,13,,
355650,VARZEA PAULISTA,2023,33,,,34,,
355660,VERA CRUZ,2023,1,,,1,,
355670,VINHEDO,2023,8,,,12,,
355680,VIRADOURO,2023,5,,,3,,
355695,VITORIA BRASIL,2023,1,,,1,,
355700,VOTORANTIM,2023,38,,,39,,
355710,VOTUPORANGA,2023,14,,,12,,
355720,CHAVANTES,2023,3,,,,,
355730,ESTIVA GERBI,2023,,,,3,,
350010,ADAMANTINA,2024,4,1,1,4,4,
350020,ADOLFO,2024,3,2,2,1,6,3
350030,AGUAI,2024,10,1,4,15,1,8
350040,AGUAS DA PRATA,2024,1,3,1,1,3,1
350055,AGUAS DE SANTA BARBARA,2024,3,,5,3,,1
350060,AGUAS DE SAO PEDRO,2024,1,,1,3,,1
350070,AGUDOS,2024,8,1,,1,6,8
350075,ALAMBARI,2024,1,1,,6,2,3
350080,ALFREDO MARCONDES,2024,1,10,2,3,12,1
350090,ALTAIR,2024,1,,4,1,1,1
350100,ALTINOPOLIS,2024,1,4,1,1,21,1
350110,ALTO ALEGRE,2024,3,6,1,1,6,2
350115,ALUMINIO,2024,8,4,9,5,1,1
350130,ALVARES MACHADO,2024,3,1,2,3,5,2
350140,ALVARO DE CARVALHO,2024,18,2,4,19,,6
350150,ALVINLANDIA,2024,1,11,,,21,13
350160,AMERICANA,2024,31,1,5,32,2,2
350170,AMERICO BRASILIENSE,2024,7,1,,7,1,7
350180,AMERICO DE CAMPOS,2024,1,3,1,1,,1
350190,AMPARO,2024,10,1,3,12,7,11
350200,ANALANDIA,2024,1,,,1,3,6
350210,ANDRADINA,2024,28,1,1,29,6,1
350220,ANGATUBA,2024,8,3,8,8,26,10
350230,ANHEMBI,2024,3,2,18,2,2,
350240,ANHUMAS,2024,,1,2,,,1
350250,APARECIDA,2024,14,7,,18,1,6
350260,APARECIDA D'OESTE,2024,,1,6,3,15,27
350270,APIAI,2024,3,,9,9,13,3
350275,ARACARIGUAMA,2024,13,,2,50,1,
350280,ARACATUBA,2024,55,,8,4,,27
350290,ARACOIABA DA SERRA,2024,5,35,9,,1,19
350310,ARANDU,2024,,1,9,1,5,
350315,ARAPEI,2024,,14,15,,12,7
350320,ARARAQUARA,2024,44,26,1,42,28,7
350330,ARARAS,2024,38,,,30,25,14
350340,AREALVA,2024,,3,6,2,14,17
350350,AREIAS,2024,,,5,,17,1
350360,AREIOPOLIS,2024,2,,,,5,8
350380,ARTUR NOGUEIRA,2024,12,2,1,9,25,2
350390,ARUJA,2024,9,,,14,1,9
350395,ASPASIA,2024,1,6,5,1,2,1
350400,ASSIS,2024,48,6,,43,,
350410,ATIBAIA,2024,51,1,1,38,1,9
350420,AURIFLAMA,2024,1,1,19,,2,3
350440,AVANHANDAVA,2024,15,1,6,16,1,33
350450,AVARE,2024,18,2,62,23,,3
350460,BADY BASSITT,2024,11,4,3,6,,48
350470,BALBINOS,2024,33,,6,34,21,2
350480,BALSAMO,2024,2,2,71,2,7,5
350490,BANANAL,2024,5,,2,5,89,82
350500,BARAO DE ANTONINA,2024,1,4,,1,5,1
350510,BARBOSA,2024,1,4,3,1,7,1
350520,BARIRI,2024,7,3,39,9,129,3
350530,BARRA BONITA,2024,6,57,3,6,5,43
350535,BARRA DO CHAPEU,2024,1,3,3,,,10
350540,BARRA DO TURVO,2024,,1,2,46,7,5
350550,BARRETOS,2024,30,1,1,6,51,2
350560,BARRINHA,2024,11,1,1,110,5,3
350570,BARUERI,2024,153,1,2,8,6,1
350580,BASTOS,2024,11,3,,7,2,6
350590,BATATAIS,2024,7,11,1,187,,2
350600,BAURU,2024,213,27,1,6,2,18
350610,BEBEDOURO,2024,8,2,21,1,5,19
350620,BENTO DE ABREU,2024,1,,11,8,1,
350630,BERNARDINO DE CAMPOS,2024,11,1,1,85,,1
350635,BERTIOGA,2024,82,1,,19,,
350650,BIRIGUI,2024,21,1,,11,21,1
350660,BIRITIBA-MIRIM,2024,12,,1,3,17,4
350670,BOA ESPERANCA DO SUL,2024,5,4,1,2,1,1
350680,BOCAINA,2024,2,,6,3,,1
350690,BOFETE,2024,1,1,7,12,,5
350700,BOITUVA,2024,12,2,6,3,,12
350710,BOM JESUS DOS PERDOES,2024,1,5,,,2,4
350715,BOM SUCESSO DE ITARARE,2024,,19,12,,5,
350730,BORACEIA,2024,1,1,9,4,1,
350740,BORBOREMA,2024,5,2,4,32,1,15
350750,BOTUCATU,2024,47,11,4,37,8,2
350760,BRAGANCA PAULISTA,2024,40,14,,1,9,13
350770,BRAUNA,2024,,1,121,1,16,4
350775,BREJO ALEGRE,2024,,,8,,1,
350780,BRODOWSKI,2024,1,16,,4,2,1
350790,BROTAS,2024,,3,3,9,17,
350800,BURI,2024,5,1,10,2,13,166
350810,BURITAMA,2024,10,,2,2,10,16
350820,BURITIZAL,2024,2,5,3,12,5,6
350830,CABRALIA PAULISTA,2024,2,1,40,19,9,
350840,CABREUVA,2024,16,4,104,22,1,1
350850,CACAPAVA,2024,21,7,1,2,204,3
350860,CACHOEIRA PAULISTA,2024,20,10,2,2,8,7
350870,CACONDE,2024,2,15,2,29,2,5
350880,CAFELANDIA,2024,2,3,10,15,1,5
350900,CAIEIRAS,2024,35,1,1,26,1,59
350910,CAIUA,2024,15,2,1,7,6,109
350920,CAJAMAR,2024,25,,6,1,1,2
350925,CAJATI,2024,3,1,1,13,9,5
350930,CAJOBI,2024,1,1,1,1,18,3
350940,CAJURU,2024,2,,2,337,9,11
350945,CAMPINA DO MONTE ALEGRE,2024,,1,5,22,69,2
350950,CAMPINAS,2024,378,8,1,9,149,5
350960,CAMPO LIMPO PAULISTA,2024,16,2,7,1,6,5
350970,CAMPOS DO JORDAO,2024,6,28,1,5,1,2
350980,CAMPOS NOVOS PAULISTA,2024,1,75,2,9,8,3
350990,CANANEIA,2024,2,11,1,3,13,
351000,CANDIDO MOTA,2024,11,,8,11,1,8
351015,CANITAR,2024,3,1,42,23,2,2
351020,CAPAO BONITO,2024,17,1,,12,17,5
351030,CAPELA DO ALTO,2024,23,2,14,115,5,2
351040,CAPIVARI,2024,11,1,48,218,1,8
351050,CARAGUATATUBA,2024,134,1,1,1,,54
351060,CARAPICUIBA,2024,267,2,3,13,3,1
351070,CARDOSO,2024,2,4,78,1,1,1
351080,CASA BRANCA,2024,10,9,3,12,7,12
351090,CASSIA DOS COQUEIROS,2024,1,8,1,19,1,58
351100,CASTILHO,2024,12,1,2,4,1,3
351110,CATANDUVA,2024,29,1,2,17,11,3
351120,CATIGUA,2024,1,,1,11,,85
351130,CEDRAL,2024,4,1,61,2,57,1
351140,CERQUEIRA CESAR,2024,21,1,13,2,2,1
351150,CERQUILHO,2024,11,2,2,4,10,1
351160,CESARIO LANGE,2024,3,11,7,1,79,8
351170,CHARQUEADA,2024,4,1,1,11,2,1
351200,COLINA,2024,5,12,4,5,4,2
351210,COLOMBIA,2024,1,4,13,5,100,1
351220,CONCHAL,2024,14,2,40,1,5,4
351230,CONCHAS,2024,3,20,2,,1,2
351240,CORDEIROPOLIS,2024,7,2,,17,,
351250,COROADOS,2024,2,1,22,1,2,64
351260,CORONEL MACEDO,2024,,,42,94,79,9
351280,COSMOPOLIS,2024,19,1,44,4,16,
351290,COSMORAMA,2024,1,15,1,1,4,3
351300,COTIA,2024,109,1,9,18,10,3
351310,CRAVINHOS,2024,1,5,,134,,
351330,CRUZALIA,2024,1,1,1,5,4,
351340,CRUZEIRO,2024,30,2,1,6,14,1
351350,CUBATAO,2024,158,4,1,170,49,8
351360,CUNHA,2024,3,5,3,1,15,41
351370,DESCALVADO,2024,9,2,3,1,18,
351380,DIADEMA,2024,161,,3,1,49,5
351390,DIVINOLANDIA,2024,1,2,2,1,38,37
351400,DOBRADA,2024,,10,2,11,136,41
351430,DOURADO,2024,,1,1,1,15,50
351440,DRACENA,2024,14,,1,3,5,1
351450,DUARTINA,2024,1,2,1,1,,8
351460,DUMONT,2024,4,1,5,4,1,10
351470,ECHAPORA,2024,1,1,18,2,10,2
351480,ELDORADO,2024,5,7,1,126,1,2
351490,ELIAS FAUSTO,2024,3,2,152,20,2,1
351492,ELISIARIO,2024,1,,249,,1,3
351500,EMBU DAS ARTES,2024,171,6,1,7,6,5
351510,EMBU-GUACU,2024,29,,1,7,2,3
351512,EMILIANOPOLIS,2024,,17,28,1,1,2
351515,ENGENHEIRO COELHO,2024,9,4,1,2,7,6
351518,ESPIRITO SANTO DO PINHAL,2024,13,,,,1,2
351519,ESPIRITO SANTO DO TURVO,2024,2,,1,4,4,3
351520,ESTRELA D'OESTE,2024,2,1,3,17,8,
351530,ESTRELA DO NORTE,2024,,2,5,1,13,6
351540,FARTURA,2024,8,10,9,70,18,1
351550,FERNANDOPOLIS,2024,29,8,1,17,12,18
351560,FERNANDO PRESTES,2024,1,2,10,23,215,11
351570,FERRAZ DE VASCONCELOS,2024,95,1,2,84,366,3
351600,FLORIDA PAULISTA,2024,18,2,1,62,2,140
351610,FLORINIA,2024,19,5,8,169,1,249
351620,FRANCA,2024,80,1,6,1,75,
351630,FRANCISCO MORATO,2024,92,,7,23,1,1
351640,FRANCO DA ROCHA,2024,185,16,2,15,1,33
351650,GABRIEL MONTEIRO,2024,1,,28,,1,
351660,GALIA,2024,20,,2,3,3,4
351670,GARCA,2024,21,15,7,12,7,2
351685,GAVIAO PEIXOTO,2024,,,2,2,11,3
351690,GENERAL SALGADO,2024,4,,2,4,5,7
351700,GETULINA,2024,12,1,,4,5,15
351710,GLICERIO,2024,2,,,8,3,1
351720,GUAICARA,2024,5,,1,5,,1
351730,GUAIMBE,2024,7,1,2,2,8,5
351740,GUAIRA,2024,8,11,2,13,14,5
351750,GUAPIACU,2024,8,1,,3,4,17
351760,GUAPIARA,2024,3,1,39,4,1,10
351770,GUARA,2024,12,,25,,34,14
351780,GUARACAI,2024,3,3,26,11,1,3
351790,GUARACI,2024,5,2,13,9,19,26
351810,GUARANTA,2024,,,47,22,2,
351820,GUARARAPES,2024,12,3,7,30,1,
351830,GUARAREMA,2024,12,2,1,15,2,2
351840,GUARATINGUETA,2024,32,1,1,301,2,13
351850,GUAREI,2024,27,2,1,551,3,
351860,GUARIBA,2024,14,4,46,2,2,2
351870,GUARUJA,2024,410,2,2,1,13,1
351880,GUARULHOS,2024,611,1,3,1,2,1
351885,GUATAPARA,2024,2,24,12,101,9,1
351890,GUZOLANDIA,2024,1,,1,2,,3
351900,HERCULANDIA,2024,1,4,,6,44,2
351905,HOLAMBRA,2024,1,,1,3,47,6
351907,HORTOLANDIA,2024,116,,18,3,48,40
351910,IACANGA,2024,2,4,5,3,11,1
351925,IARAS,2024,7,1,3,12,83,31
351930,IBATE,2024,1,,9,20,10,25
351940,IBIRA,2024,4,6,21,6,2,13
351950,IBIRAREMA,2024,5,1,6,,1,44
351960,IBITINGA,2024,15,1,1,6,3,9
351970,IBIUNA,2024,18,,1,8,66,4
351980,ICEM,2024,5,,16,,4,2
351990,IEPE,2024,1,1,4,24,5,
352000,IGARACU DO TIETE,2024,15,6,2,21,8,
352010,IGARAPAVA,2024,10,1,19,13,19,56
352020,IGARATA,2024,,,,4,21,4
352030,IGUAPE,2024,29,1,1,59,1,3
352040,ILHABELA,2024,22,4,46,,2,10
352042,ILHA COMPRIDA,2024,11,1,1,,18,2
352044,ILHA SOLTEIRA,2024,6,,4,2,15,5
352050,INDAIATUBA,2024,77,11,4,28,4,
352060,INDIANA,2024,,2,5,,11,22
352070,INDIAPORA,2024,,,,2,38,6
352090,IPAUSSU,2024,3,2,9,3,,1
352100,IPERO,2024,33,1,8,4,1,
352110,IPEUNA,2024,2,,29,6,7,12
352115,IPIGUA,2024,2,5,,2,2,18
352120,IPORANGA,2024,5,,8,17,29,1
352130,IPUA,2024,4,,8,3,21,2
352140,IRACEMAPOLIS,2024,5,2,3,13,2,8
352150,IRAPUA,2024,3,2,1,,21,3
352160,IRAPURU,2024,16,2,1,84,1,2
352170,ITABERA,2024,5,1,1,1,,11
352180,ITAI,2024,11,,1,76,60,12
352190,ITAJOBI,2024,,34,10,62,9,4
352210,ITANHAEM,2024,103,,10,18,6,17
352220,ITAPECERICA DA SERRA,2024,84,1,1,113,7,1
352230,ITAPETININGA,2024,83,1,1,16,9,7
352240,ITAPEVA,2024,29,8,32,5,50,47
352250,ITAPEVI,2024,130,1,,2,16,6
352260,ITAPIRA,2024,20,,4,4,10,8
352270,ITAPOLIS,2024,5,2,72,,54,7
352280,ITAPORANGA,2024,3,1,1,110,2,7
352290,ITAPUI,2024,4,3,,7,7,6
352300,ITAPURA,2024,,,1,8,12,17
352310,ITAQUAQUECETUBA,2024,120,1,1,15,1,12
352320,ITARARE,2024,9,2,4,21,4,37
352330,ITARIRI,2024,7,54,1,26,2,
352340,ITATIBA,2024,15,,4,1,1,15
352350,ITATINGA,2024,20,10,8,1,3,11
352360,ITIRAPINA,2024,24,,43,39,1,2
352380,ITOBI,2024,1,1,19,20,21,8
352390,ITU,2024,53,1,4,3,19,1
352400,ITUPEVA,2024,19,1,1,1,3,2
352410,ITUVERAVA,2024,4,1,,16,10,1
352420,JABORANDI,2024,1,,20,50,60,
352430,JABOTICABAL,2024,20,,,1,2,1
352440,JACAREI,2024,59,5,3,5,1,15
352450,JACI,2024,,,2,13,102,9
352460,JACUPIRANGA,2024,5,,,5,2,2
352470,JAGUARIUNA,2024,17,4,,2,2,1
352480,JALES,2024,4,,5,41,,1
352500,JANDIRA,2024,47,,7,35,8,48
352510,JARDINOPOLIS,2024,35,3,1,7,44,
352520,JARINU,2024,8,3,,30,2,4
352530,JAU,2024,27,1,2,1,,70
352540,JERIQUARA,2024,1,2,3,12,13,
352570,JOSE BONIFACIO,2024,12,1,2,,97,
352580,JULIO MESQUITA,2024,1,1,,95,19,2
352590,JUNDIAI,2024,110,36,2,15,6,10
352600,JUNQUEIROPOLIS,2024,16,1,1,13,1,
352610,JUQUIA,2024,15,,7,16,,6
352620,JUQUITIBA,2024,14,45,1,1,55,
352630,LAGOINHA,2024,1,36,4,13,3,5
352640,LARANJAL PAULISTA,2024,18,,2,59,,73
352650,LAVINIA,2024,53,11,1,33,2,14
352670,LEME,2024,41,6,5,22,,8
352680,LENCOIS PAULISTA,2024,27,2,109,93,8,
352690,LIMEIRA,2024,99,1,1,2,11,27
352700,LINDOIA,2024,2,32,19,24,1,2
352710,LINS,2024,22,18,,22,,2
352720,LORENA,2024,28,2,,4,5,
352730,LOUVEIRA,2024,7,,,13,2,1
352740,LUCELIA,2024,14,2,4,,1,2
352780,LUPERCIO,2024,1,1366,3,2,1,7
352790,LUTECIA,2024,1,1,4,1,,7
352800,MACATUBA,2024,5,13,1,5,1,2
352810,MACAUBAL,2024,1,55,1,,1,
352820,MACEDONIA,2024,1,1,4,1,11,1
352830,MAGDA,2024,1,1,1,34,,1
352840,MAIRINQUE,2024,39,3,12,21,6,3
352850,MAIRIPORA,2024,25,3,1,4,1,
352860,MANDURI,2024,3,,,11,1,3
352870,MARABA PAULISTA,2024,11,,,1,2,
352880,MARACAI,2024,2,,1,97,1,1
352900,MARILIA,2024,110,,4,2,1,3
352920,MARTINOPOLIS,2024,2,62,2,3,8,1
352930,MATAO,2024,7,6,2,143,149,
352940,MAUA,2024,187,5,21,1,12,8
352950,MENDONCA,2024,2,,3,3,18,4
352970,MIGUELOPOLIS,2024,3,,6,,45,3
352980,MINEIROS DO TIETE,2024,1,19,16,11,,1
352990,MIRACATU,2024,11,1,1,56,6,
353010,MIRANDOPOLIS,2024,52,2,,,4,
353020,MIRANTE DO PARANAPANEMA,2024,1,,1,8,8,1
353030,MIRASSOL,2024,12,,1,,1,1
353040,MIRASSOLANDIA,2024,,,50,16,2,106
353050,MOCOCA,2024,23,4,6,162,,1
353060,MOGI DAS CRUZES,2024,162,11,1,24,3,16
353070,MOGI GUACU,2024,35,5,8,16,2,4
353080,MOGI MIRIM,2024,15,1,2,,12,
353090,MOMBUCA,2024,1,1,3,,5,14
353100,MONCOES,2024,,8,1,80,7,1
353110,MONGAGUA,2024,73,2,3,,1,5
353130,MONTE ALTO,2024,8,,14,7,,
353140,MONTE APRAZIVEL,2024,5,2,,3,,8
353150,MONTE AZUL PAULISTA,2024,1,1,9,2,2,1
353160,MONTE CASTELO,2024,1,1,1,1,3,
353180,MONTE MOR,2024,16,,7,2,8,
353190,MORRO AGUDO,2024,18,3,,15,2,1
353200,MORUNGABA,2024,1,2,,14,24,1
353205,MOTUCA,2024,,1,1,2,1,9
353215,NANTES,2024,2,6,1,2,3,1
353220,NARANDIBA,2024,2,2,2,2,4,
353230,NATIVIDADE DA SERRA,2024,,,135,1,26,15
353240,NAZARE PAULISTA,2024,9,,1,7,1,2
353250,NEVES PAULISTA,2024,2,,2,,,3
353260,NHANDEARA,2024,4,,20,4,2,1
353280,NOVA ALIANCA,2024,1,,1,1,78,4
353282,NOVA CAMPINA,2024,1,,1,1,2,2
353300,NOVA GRANADA,2024,4,,,1,34,1
353320,NOVA INDEPENDENCIA,2024,14,,1,2,,3
353325,NOVAIS,2024,1,,1,13,9,1
353330,NOVA LUZITANIA,2024,,,1,1,2,32
353340,NOVA ODESSA,2024,10,,,,9,2
353350,NOVO HORIZONTE,2024,5,,10,10,,4
353370,OCAUCU,2024,2,,2,4,6,17
353390,OLIMPIA,2024,9,,2,4,1,1
353400,ONDA VERDE,2024,2,,12,5,22,1
353410,ORIENTE,2024,,,86,,,1
353420,ORINDIUVA,2024,2,,1,,,1
353430,ORLANDIA,2024,5,,1,2,14,1
353440,OSASCO,2024,254,,25,8,2,64
353460,OSVALDO CRUZ,2024,13,,5,228,,4
353470,OURINHOS,2024,42,,4,14,25,6
353475,OUROESTE,2024,4,,1,28,2,1
353480,OURO VERDE,2024,,,,4,25,8
353490,PACAEMBU,2024,62,,1,62,10,2
353500,PALESTINA,2024,,,,1,2,8
353510,PALMARES PAULISTA,2024,,,,,209,1
353520,PALMEIRA D'OESTE,2024,1,,1,1,1,2
353530,PALMITAL,2024,14,,1,10,,1
353540,PANORAMA,2024,4,,,1,28,
353550,PARAGUACU PAULISTA,2024,14,,16,14,4,20
353560,PARAIBUNA,2024,1,,2,2,35,2
353580,PARANAPANEMA,2024,2,,3,2,7,6
353590,PARANAPUA,2024,,,,,3,
353600,PARAPUA,2024,3,,7,3,,1
353610,PARDINHO,2024,2,,2,2,,11
353620,PARIQUERA-ACU,2024,10,,2,12,1,6
353625,PARISI,2024,1,,5,1,,6
353640,PAULICEIA,2024,3,,1,2,,1
353650,PAULINIA,2024,40,,2,29,5,1
353660,PAULO DE FARIA,2024,7,,1,8,,
353670,PEDERNEIRAS,2024,12,,11,14,22,155
353680,PEDRA BELA,2024,2,,22,2,40,2
353690,PEDRANOPOLIS,2024,,,,,2,6
353700,PEDREGULHO,2024,,,1,7,2,4
353710,PEDREIRA,2024,7,,1,8,,29
353720,PEDRO DE TOLEDO,2024,9,,1,12,1,4
353730,PENAPOLIS,2024,15,,72,5,11,3
353740,PEREIRA BARRETO,2024,7,,1,,130,1
353750,PEREIRAS,2024,2,,,53,1,2
353760,PERUIBE,2024,56,,145,1,1,2
353780,PIEDADE,2024,6,,,3,24,4
353790,PILAR DO SUL,2024,9,,121,5,4,1
353800,PINDAMONHANGABA,2024,46,,14,34,1,2
353810,PINDORAMA,2024,1,,30,,18,25
353820,PINHALZINHO,2024,1,,11,2,1,3
353830,PIQUEROBI,2024,1,,,1,1,
353860,PIRACAIA,2024,3,,5,1,,1
353870,PIRACICABA,2024,171,,1,2,1,
353880,PIRAJU,2024,9,,7,135,1,14
353890,PIRAJUI,2024,40,,61,6,,129
353900,PIRANGI,2024,2,,56,41,20,5
353910,PIRAPORA DO BOM JESUS,2024,20,,3,2,5,
353920,PIRAPOZINHO,2024,7,,2,13,4,
353930,PIRASSUNUNGA,2024,20,,4,5,19,29
353940,PIRATININGA,2024,1,,3,19,3,4
353950,PITANGUEIRAS,2024,10,,2905,2,,4
353960,PLANALTO,2024,1,,5,8,4,4
353970,PLATINA,2024,1,,2,1,7,1
353980,POA,2024,46,,7,1,3,
354000,POMPEIA,2024,2,,21,42,3,
354010,PONGAI,2024,,,2,2,14,
354020,PONTAL,2024,21,,127,,21,2
354025,PONTALINDA,2024,2,,4,15,1,1
354030,PONTES GESTAL,2024,,,4,2,1,
354050,PORANGABA,2024,2,,6,,2,23
354060,PORTO FELIZ,2024,37,,1,1,113,2
354070,PORTO FERREIRA,2024,6,,8,33,1,4
354075,POTIM,2024,20,,3,8,,1
354080,POTIRENDABA,2024,1,,,33,1,
354085,PRACINHA,2024,10,,,10,,7
354090,PRADOPOLIS,2024,2,,94,,,3
354100,PRAIA GRANDE,2024,368,,32,322,182,1
354105,PRATANIA,2024,1,,44,1,,5
354110,PRESIDENTE ALVES,2024,2,,1,2,142,12
354120,PRESIDENTE BERNARDES,2024,33,,57,34,8,1
354130,PRESIDENTE EPITACIO,2024,9,,1,8,37,4
354140,PRESIDENTE PRUDENTE,2024,75,,,65,8,2
354150,PRESIDENTE VENCESLAU,2024,12,,2,12,4,10
354160,PROMISSAO,2024,6,,2,7,1,
354165,QUADRA,2024,,,1,,12,
354170,QUATA,2024,1,,1,1,95,19
354190,QUELUZ,2024,3,,2,3,86,
354200,QUINTANA,2024,2,,2,1,,1
354210,RAFARD,2024,2,,1,2,1,2
354220,RANCHARIA,2024,7,,2,8,8,1
354230,REDENCAO DA SERRA,2024,1,,19,1,3,
354240,REGENTE FEIJO,2024,1,,38,1,4446,95
354250,REGINOPOLIS,2024,21,,,26,4,1
354260,REGISTRO,2024,74,,,67,2,2
354280,RIBEIRA,2024,2,,,3,8,2
354290,RIBEIRAO BONITO,2024,2,,1,3,39,
354300,RIBEIRAO BRANCO,2024,5,,,4,1,
354320,RIBEIRAO DO SUL,2024,,,5,,1,187
354323,RIBEIRAO DOS INDIOS,2024,,,,,288,
354330,RIBEIRAO PIRES,2024,29,,,2,2,114
354340,RIBEIRAO PRETO,2024,259,,6,21,1,7
354350,RIVERSUL,2024,6,,3,241,30,25
354370,RINCAO,2024,,,29,5,6,12
354380,RINOPOLIS,2024,1,,1,,1,5
354390,RIO CLARO,2024,60,,,,16,3
354400,RIO DAS PEDRAS,2024,11,,6,47,2,68
354410,RIO GRANDE DA SERRA,2024,2,,2,6,1,67
354420,RIOLANDIA,2024,21,,1,5,,6
354425,ROSANA,2024,3,,1,22,3,3
354430,ROSEIRA,2024,,,16,4,156,4
354450,RUBINEIA,2024,,,10,,39,3
354470,SAGRES,2024,,,2,,64,3291
354490,SALES OLIVEIRA,2024,,,7,2,1,3
354500,SALESOPOLIS,2024,2,,1,,,2
354510,SALMOURAO,2024,1,,23,,81,8
354515,SALTINHO,2024,,,16,2,1,44
354520,SALTO,2024,41,,1,,,3
354530,SALTO DE PIRAPORA,2024,13,,1,,1,
354540,SALTO GRANDE,2024,9,,,38,9,151
354550,SANDOVALINA,2024,1,,,12,3,2
354560,SANTA ADELIA,2024,3,,,6,3,2
354570,SANTA ALBERTINA,2024,,,,1,1,8
354580,SANTA BARBARA D'OESTE,2024,32,,,3,2,8
354600,SANTA BRANCA,2024,7,,,,5,1
354610,SANTA CLARA D'OESTE,2024,1,,,30,7,11
354620,SANTA CRUZ DA CONCEICAO,2024,,,,6,,3
354630,SANTA CRUZ DAS PALMEIRAS,2024,5,,,1,2,1
354640,SANTA CRUZ DO RIO PARDO,2024,19,,,,1,
354650,SANTA ERNESTINA,2024,,,,7,24,
354660,SANTA FE DO SUL,2024,7,,,17,49,136
354670,SANTA GERTRUDES,2024,7,,,,,
354680,SANTA ISABEL,2024,29,,,6,,34
354690,SANTA LUCIA,2024,,,,6,,56
354700,SANTA MARIA DA SERRA,2024,,,,20,53,1
354710,SANTA MERCEDES,2024,1,,,,,1
354730,SANTANA DE PARNAIBA,2024,50,,,,,1
354740,SANTA RITA D'OESTE,2024,1,,,1,5,51
354750,SANTA RITA DO PASSA QUATRO,2024,3,,,30,17,3
354760,SANTA ROSA DE VITERBO,2024,1,,,1,41,2
354765,SANTA SALETE,2024,1,,,4,3,
354770,SANTO ANASTACIO,2024,2,,,1,,
354780,SANTO ANDRE,2024,216,,,1,1,1
354790,SANTO ANTONIO DA ALEGRIA,2024,1,,,1,1,
354800,SANTO ANTONIO DE POSSE,2024,1,,,190,5,3
354805,SANTO ANTONIO DO ARACANGUA,2024,4,,,1,15,6
354810,SANTO ANTONIO DO JARDIM,2024,,,,2,,1
354830,SANTO EXPEDITO,2024,,,,4,4,2
354840,SANTOPOLIS DO AGUAPEI,2024,,,,,9,18
354850,SANTOS,2024,404,,,,20,54
354860,SAO BENTO DO SAPUCAI,2024,1,,,,2,
354870,SAO BERNARDO DO CAMPO,2024,266,,,349,8,
354880,SAO CAETANO DO SUL,2024,21,,,1,1,2
354890,SAO CARLOS,2024,69,,,210,28,2
354900,SAO FRANCISCO,2024,1,,,13,16,1
354910,SAO JOAO DA BOA VISTA,2024,21,,,54,,26
354925,SAO JOAO DE IRACEMA,2024,,,,1,,8
354940,SAO JOAQUIM DA BARRA,2024,9,,,19,,10
354960,SAO JOSE DO BARREIRO,2024,1,,,7,,32
354970,SAO JOSE DO RIO PARDO,2024,13,,,8,,
354980,SAO JOSE DO RIO PRETO,2024,175,,,157,,1
354990,SAO JOSE DOS CAMPOS,2024,174,,,150,,
354995,SAO LOURENCO DA SERRA,2024,9,,,8,,1
355000,SAO LUIS DO PARAITINGA,2024,5,,,3,,9
355010,SAO MANUEL,2024,12,,,10,,9
355020,SAO MIGUEL ARCANJO,2024,9,,,6,,1
355030,SAO PAULO,2024,7736,,,6803,,3
355040,SAO PEDRO,2024,10,,,6,,13
355050,SAO PEDRO DO TURVO,2024,5,,,3,,10
355060,SAO ROQUE,2024,17,,,12,,1
355070,SAO SEBASTIAO,2024,75,,,80,,13
355080,SAO SEBASTIAO DA GRAMA,2024,4,,,2,,1
355090,SAO SIMAO,2024,,,,1,,
355100,SAO VICENTE,2024,368,,,401,,23
355110,SARAPUI,2024,1,,,2,,7
355120,SARUTAIA,2024,1,,,3,,1
355140,SERRA AZUL,2024,21,,,36,,1
355150,SERRANA,2024,17,,,14,,2
355160,SERRA NEGRA,2024,2,,,1,,
355170,SERTAOZINHO,2024,31,,,26,,
355180,SETE BARRAS,2024,4,,,2,,
355190,SEVERINIA,2024,3,,,3,,
355200,SILVEIRAS,2024,,,,,,
355210,SOCORRO,2024,3,,,3,,
355220,SOROCABA,2024,264,,,271,,
355230,SUD MENNUCCI,2024,,,,,,
355240,SUMARE,2024,88,,,65,,
355250,SUZANO,2024,142,,,106,,
355255,SUZANAPOLIS,2024,1,,,1,,
355260,TABAPUA,2024,2,,,2,,
355270,TABATINGA,2024,1,,,,,
355280,TABOAO DA SERRA,2024,139,,,107,,
355290,TACIBA,2024,6,,,7,,
355300,TAGUAI,2024,1,,,1,,
355310,TAIACU,2024,1,,,12,,
355320,TAIUVA,2024,9,,,1,,
355330,TAMBAU,2024,3,,,7,,
355340,TANABI,2024,9,,,1,,
355350,TAPIRAI,2024,2,,,1,,
355360,TAPIRATIBA,2024,1,,,,,
355365,TAQUARAL,2024,,,,6,,
355370,TAQUARITINGA,2024,8,,,15,,
355380,TAQUARITUBA,2024,16,,,,,
355385,TAQUARIVAI,2024,,,,3,,
355390,TARABAI,2024,4,,,1,,
355395,TARUMA,2024,3,,,37,,
355400,TATUI,2024,37,,,94,,
355410,TAUBATE,2024,121,,,,,
355420,TEJUPA,2024,,,,2,,
355430,TEODORO SAMPAIO,2024,2,,,,,
355440,TERRA ROXA,2024,,,,3,,
355450,TIETE,2024,2,,,1,,
355460,TIMBURI,2024,2,,,1,,
355470,TORRINHA,2024,,,,,,
355480,TREMEMBE,2024,71,,,77,,
355490,TRES FRONTEIRAS,2024,,,,,,
355495,TUIUTI,2024,,,,,,
355500,TUPA,2024,16,,,11,,
355510,TUPI PAULISTA,2024,27,,,25,,
355530,TURMALINA,2024,,,,,,
355540,UBATUBA,2024,72,,,55,,
355550,UBIRAJARA,2024,,,,,,
355560,UCHOA,2024,3,,,4,,
355580,URANIA,2024,1,,,1,,
355600,URUPES,2024,1,,,,,
355610,VALENTIM GENTIL,2024,3,,,1,,
355620,VALINHOS,2024,17,,,3,,
355630,VALPARAISO,2024,27,,,15,,
355635,VARGEM,2024,1,,,28,,
355640,VARGEM GRANDE DO SUL,2024,5,,,7,,
355645,VARGEM GRANDE PAULISTA,2024,28,,,14,,
355650,VARZEA PAULISTA,2024,34,,,28,,
355660,VERA CRUZ,2024,4,,,2,,
355670,VINHEDO,2024,20,,,17,,
355680,VIRADOURO,2024,3,,,3,,
355695,VITORIA BRASIL,2024,,,,,,
355700,VOTORANTIM,2024,50,,,35,,
355710,VOTUPORANGA,2024,32,,,19,,
355720,CHAVANTES,2024,2,,,1,,
355730,ESTIVA GERBI,2024,3,,,1,,
